create database [Node.js14];
go

use [Node.js14];
go

CREATE TABLE FACULTY (
  FACULTY nvarchar(10) CONSTRAINT FACULTY_PK PRIMARY KEY,
  FACULTY_NAME nvarchar(50) default '???'
);

INSERT INTO FACULTY (FACULTY,   FACULTY_NAME )
            VALUES	  ('ХТиТ', 'Химическая технология и техника'),
					  ('ЛХФ', 'Лесохозяйственный факультет'),
					  ('ИЭФ', 'Инженерно-экономический факультет'),
					  ('ТТЛП', 'Технология и техника лесной промышленности'),
					  ('ТОВ', 'Технология органических веществ'),
					  ('ИТ', 'Факультет информационных технологий');  
SELECT * FROM FACULTY


CREATE TABLE PULPIT (
  PULPIT nvarchar(20) constraint PULPIT_PK primary key,
  PULPIT_NAME nvarchar(100),
  FACULTY nvarchar(10) constraint PULPIT_FACULTY_FK foreign key references FACULTY (FACULTY)
);

INSERT INTO PULPIT(PULPIT, PULPIT_NAME, FACULTY)
values ('ИСиТ', 'Информационных систем и технологий ', 'ИТ'),
       ('ЛВ', 'Лесоводства', 'ЛХФ'),
       ('ЛУ', 'Лесоустройства', 'ЛХФ'),
       ('ЛЗиДВ', 'Лесозащиты и древесиноведения', 'ЛХФ'),
       ('ЛКиП', 'Лесных культур и почвоведения', 'ЛХФ'),
       ('ТиП', 'Туризма и природопользования', 'ЛХФ'),
       ('ЛПиСПС', 'Ландшафтного проектирования и садово-паркового строительства', 'ЛХФ'),
       ('ТЛ', 'Транспорта леса', 'ТТЛП'),
       ('ЛМиЛЗ', 'Лесных машин и технологии лесозаготовок', 'ТТЛП'),
       ('ТДП', 'Технологий деревообрабатывающих производств', 'ТТЛП'),
       ('ТиДИД', 'Технологии и дизайна изделий из древесины', 'ТТЛП'),
       ('ОХ', 'Органической химии', 'ТОВ'),
       ('ХПД', 'Химической переработки древесины', 'ТОВ'),
       ('ТНВиОХТ', 'Технологии неорганических веществ и общей химической технологии ', 'ХТиТ'),
       ('ПиАХП', 'Процессов и аппаратов химических производств', 'ХТиТ'),
       ('ЭТиМ', 'Экономической теории и маркетинга', 'ИЭФ'),
       ('МиЭП', 'Менеджмента и экономики природопользования', 'ИЭФ'),
       ('СБУАиА', 'Статистики, бухгалтерского учета, анализа и аудита', 'ИЭФ'); 
SELECT * FROM PULPIT

CREATE TABLE TEACHER (
  TEACHER nvarchar(10) constraint TEACHER_PK primary key,
  TEACHER_NAME nvarchar(100),
  GENDER nvarchar(1) CHECK (GENDER IN ('м', 'ж')),
  PULPIT nvarchar(20) constraint TEACHER_PULPIT_FK foreign key references PULPIT (PULPIT)
);

INSERT INTO TEACHER(TEACHER, TEACHER_NAME, GENDER, PULPIT)
      values  ('СМЛВ', 'Смелов Владимир Владиславович', 'м', 'ИСиТ'),
			  ('АКНВЧ', 'Акунович Станислав Иванович', 'м', 'ИСиТ'),
			  ('КЛСНВ', 'Колесников Виталий Леонидович', 'м', 'ИСиТ'),
			  ('БРКВЧ', 'Бракович Андрей Игоревич', 'м', 'ИСиТ'),
			  ('ДТК', 'Дятко Александр Аркадьевич', 'м', 'ИСиТ'),
			  ('УРБ', 'Урбанович Павел Павлович', 'м', 'ИСиТ'),
			  ('ГРН', 'Гурин Николай Иванович', 'м', 'ИСиТ'),
			  ('ЖЛК', 'Жиляк Надежда Александровна', 'ж', 'ИСиТ'),
			  ('МРЗ', 'Мороз Елена Станиславовна', 'ж', 'ИСиТ'),
			  ('БРНВСК', 'Барановский Станислав Иванович', 'м', 'ЭТиМ'),
			  ('НВРВ', 'Неверов Александр Васильевич', 'м', 'МиЭП'),
			  ('РВКЧ', 'Ровкач Андрей Иванович', 'м', 'ЛВ'),
			  ('ДМДК', 'Демидко Марина Николаевна', 'ж', 'ЛПиСПС'),
			  ('БРГ', 'Бурганская Татьяна Минаевна', 'ж', 'ЛПиСПС'),
			  ('РЖК', 'Рожков Леонид Николаевич ', 'м', 'ЛВ'),
			  ('ЗВГЦВ', 'Звягинцев Вячеслав Борисович', 'м', 'ЛЗиДВ'),
			  ('БЗБРДВ', 'Безбородов Владимир Степанович', 'м', 'ОХ'),
			  ('НСКВЦ', 'Насковец Михаил Трофимович', 'м', 'ТЛ');
SELECT * FROM TEACHER

CREATE TABLE SUBJECT (
  SUBJECT nvarchar(10) constraint SUBJECT_PK primary key,
  SUBJECT_NAME nvarchar(100) unique,
  PULPIT nvarchar(20) constraint SUBJECT_PULPIT_FK foreign key references PULPIT (PULPIT)
);
INSERT INTO SUBJECT(SUBJECT, SUBJECT_NAME, PULPIT)
    values  ('СУБД', 'Системы управления базами данных', 'ИСиТ'),
            ('БД', 'Базы данных', 'ИСиТ'),
            ('ИНФ', 'Информационные технологии', 'ИСиТ'),
            ('ОАиП', 'Основы алгоритмизации и программирования', 'ИСиТ'),
            ('ПЗ', 'Представление знаний в компьютерных системах', 'ИСиТ'),
            ('ПСП', 'Программирование сетевых приложений', 'ИСиТ'),
            ('МСОИ', 'Моделирование систем обработки информации', 'ИСиТ'),
            ('ПИС', 'Проектирование информационных систем', 'ИСиТ'),
            ('КГ', 'Компьютерная геометрия ', 'ИСиТ'),
            ('КМС', 'Компьютерные мультимедийные системы', 'ИСиТ'),
            ('ДМ', 'Дискретная математика', 'ИСиТ'),
            ('МП', 'Математическое программирование', 'ИСиТ'),
            ('ЛЭВМ', 'Логические основы ЭВМ', 'ИСиТ'),
            ('ООП', 'Объектно-ориентированное программирование', 'ИСиТ'),
            ('ЭП', 'Экономика природопользования', 'МиЭП'),
            ('ЭТ', 'Экономическая теория', 'ЭТиМ'),
            ('БЛЗиПсOO', 'Биология лесных зверей и птиц с осн. охотов.', 'ЛВ'),
            ('ОСПиЛПХ', 'Основы садово-паркового и лесопаркового хозяй-ства', 'ЛПиСПС'),
            ('ИГ', 'Инженерная геодезия ', 'ЛВ'),
            ('ЛВ', 'Лесоводство', 'ЛЗиДВ'),
            ('ОХ', 'Органическая химия', 'ОХ'),
            ('ТРИ', 'Технология резиновых изделий', 'ЛЗиДВ'),
            ('ВТЛ', 'Водный транспорт леса', 'ТЛ'),
            ('ТиОЛ', 'Технология и оборудование лесозаготовок', 'ЛЗиДВ'),
            ('ТОПИ', 'Технология обогащения полезных ископаемых ', 'СБУАиА'),
            ('ПЭХ', 'Прикладная электрохимия', 'ТНВиОХТ');
SELECT * FROM SUBJECT

CREATE TABLE AUDITORIUM_TYPE (
  AUDITORIUM_TYPE nvarchar(10) constraint AUDITORIUM_TYPE_PK primary key,
  AUDITORIUM_TYPENAME nvarchar(30)
);
INSERT INTO AUDITORIUM_TYPE(AUDITORIUM_TYPE, AUDITORIUM_TYPENAME)
values ('LK', 'Лекционная'),
       ('LB-K', 'Компьютерный класс'),
       ('LK-K', 'Лекционная с уст. проектором'),
       ('LB-H', 'Химическая лаборатория'),
       ('LB-CK', 'Спец. компьютерный класс')
SELECT * FROM AUDITORIUM_TYPE

CREATE TABLE AUDITORIUM (
  AUDITORIUM nvarchar(20) constraint AUDITORIUM_PK primary key,
  AUDITORIUM_TYPE nvarchar(10) constraint AUDITORIUM_AUDITORIUM_TYPE_FK foreign key references AUDITORIUM_TYPE(AUDITORIUM_TYPE),
  AUDITORIUM_CAPACITY integer constraint AUDITORIUM_CAPACITY_CHECK default 1 check (
	AUDITORIUM_CAPACITY BETWEEN 1 AND 300
  ) --вместимость AUDITORIUM_NAME varchar（50）)
);

INSERT INTO AUDITORIUM(AUDITORIUM, AUDITORIUM_TYPE, AUDITORIUM_CAPACITY)
values
  ('206-1', 'LB-K',15),
  ('301-1', 'LB-K', 15),
  ('236-1', 'LK', 60),
  ('313-1', 'LK-K', 60),
  ('324-1', 'LK-K', 50),
  ('413-1', 'LB-K', 15),
  ('423-1', 'LB-K', 90),
  ('408-2', 'LK', 90);
SELECT * FROM AUDITORIUM



